<?xml version="1.0" encoding="UTF-8" standalone="yes"?>
<taskmanager>
    <task>
        <name>Ask prof about Q3</name>
        <endDate>2017-03-15T08:48:49.289+08:00</endDate>
        <completionStatus>overdue</completionStatus>
        <taskType>deadline</taskType>
        <tagged>school</tagged>
    </task>
    <task>
        <name>Collect tickets</name>
        <endDate>2017-03-17T09:16:23.044+08:00</endDate>
        <completionStatus>overdue</completionStatus>
        <taskType>deadline</taskType>
        <tagged>hobby</tagged>
    </task>
    <task>
        <name>Edit video for presentation</name>
        <endDate>2017-03-20T08:24:34.010+08:00</endDate>
        <completionStatus>overdue</completionStatus>
        <taskType>deadline</taskType>
        <tagged>school</tagged>
    </task>
    <task>
        <name>Buy milk</name>
        <endDate>2017-03-20T08:39:53.371+08:00</endDate>
        <completionStatus>overdue</completionStatus>
        <taskType>deadline</taskType>
        <tagged>home</tagged>
    </task>
    <task>
        <name>Do CS2106 Tutorial</name>
        <endDate>2017-03-22T08:36:56.941+08:00</endDate>
        <completionStatus>overdue</completionStatus>
        <taskType>deadline</taskType>
        <tagged>school</tagged>
    </task>
    <task>
        <name>Practice MA1101R Matlab</name>
        <endDate>2017-03-22T08:37:23.463+08:00</endDate>
        <completionStatus>overdue</completionStatus>
        <taskType>deadline</taskType>
        <tagged>school</tagged>
    </task>
    <task>
        <name>Buy USB cable</name>
        <endDate>2017-03-22T08:44:09.748+08:00</endDate>
        <completionStatus>overdue</completionStatus>
        <taskType>deadline</taskType>
    </task>
    <task>
        <name>Code Review for Jim</name>
        <endDate>2017-03-22T09:00:00+08:00</endDate>
        <completionStatus>overdue</completionStatus>
        <taskType>deadline</taskType>
        <tagged>school</tagged>
    </task>
    <task>
        <name>Do the laundry</name>
        <endDate>2017-03-28T08:40:14.653+08:00</endDate>
        <completionStatus>overdue</completionStatus>
        <taskType>deadline</taskType>
        <tagged>home</tagged>
    </task>
    <task>
        <name>CS2103 Tutorial</name>
        <startDate>2017-03-29T09:00:00+08:00</startDate>
        <endDate>2017-03-29T10:00:00+08:00</endDate>
        <completionStatus>overdue</completionStatus>
        <taskType>event</taskType>
        <tagged>school</tagged>
    </task>
    <task>
        <name>ST2334 Tutorial</name>
        <startDate>2017-03-29T12:00:00+08:00</startDate>
        <endDate>2017-03-29T14:00:00+08:00</endDate>
        <completionStatus>overdue</completionStatus>
        <taskType>event</taskType>
        <tagged>school</tagged>
    </task>
    <task>
        <name>CS2103 Skype Meeting</name>
        <startDate>2017-03-29T15:00:00+08:00</startDate>
        <endDate>2017-03-29T17:00:00+08:00</endDate>
        <completionStatus>overdue</completionStatus>
        <taskType>event</taskType>
        <tagged>school</tagged>
    </task>
    <task>
        <name>is1103</name>
        <startDate>2017-03-29T15:00:00+08:00</startDate>
        <endDate>2017-03-29T18:00:00+08:00</endDate>
        <completionStatus>overdue</completionStatus>
        <taskType>event</taskType>
    </task>
    <task>
        <name>Evening jog</name>
        <endDate>2017-03-29T19:00:00+08:00</endDate>
        <completionStatus>overdue</completionStatus>
        <taskType>deadline</taskType>
        <tagged>exercise</tagged>
    </task>
    <task>
        <name>Cook dinner</name>
        <endDate>2017-03-29T19:00:00+08:00</endDate>
        <completionStatus>overdue</completionStatus>
        <taskType>deadline</taskType>
        <tagged>home</tagged>
    </task>
    <task>
        <name>Walk the dog tonight</name>
        <endDate>2017-03-29T20:00:00+08:00</endDate>
        <completionStatus>overdue</completionStatus>
        <taskType>deadline</taskType>
        <tagged>home</tagged>
    </task>
    <task>
        <name>Render video and upload</name>
        <endDate>2017-03-29T20:00:00+08:00</endDate>
        <completionStatus>overdue</completionStatus>
        <taskType>deadline</taskType>
    </task>
    <task>
        <name>Send meeting minutes</name>
        <endDate>2017-03-29T23:59:00+08:00</endDate>
        <completionStatus>overdue</completionStatus>
        <taskType>deadline</taskType>
        <tagged>work</tagged>
    </task>
    <task>
        <name>Update issues on github</name>
        <endDate>2017-03-29T23:59:00+08:00</endDate>
        <completionStatus>overdue</completionStatus>
        <taskType>deadline</taskType>
        <tagged>important</tagged>
        <tagged>work</tagged>
    </task>
    <task>
        <name>Drinks with bros tonight</name>
        <startDate>2017-03-29T22:00:00+08:00</startDate>
        <endDate>2017-03-30T01:00:00+08:00</endDate>
        <completionStatus>overdue</completionStatus>
        <taskType>event</taskType>
        <tagged>friends</tagged>
    </task>
    <task>
        <name>Write reflection</name>
        <startDate>2017-03-30T15:00:00+08:00</startDate>
        <endDate>2017-03-30T16:00:00+08:00</endDate>
        <completionStatus>overdue</completionStatus>
        <taskType>event</taskType>
        <tagged>school</tagged>
    </task>
    <task>
        <name>do homework</name>
        <endDate>2017-03-30T23:59:00+08:00</endDate>
        <completionStatus>overdue</completionStatus>
        <taskType>deadline</taskType>
    </task>
    <task>
        <name>CS2103 Lecture</name>
        <startDate>2017-03-31T16:00:00+08:00</startDate>
        <endDate>2017-03-31T18:00:00+08:00</endDate>
        <completionStatus>overdue</completionStatus>
        <taskType>event</taskType>
        <tagged>school</tagged>
    </task>
    <task>
        <name>Go for guitar lessons</name>
        <startDate>2017-04-01T09:00:00+08:00</startDate>
        <endDate>2017-04-01T10:00:00+08:00</endDate>
        <completionStatus>overdue</completionStatus>
        <taskType>event</taskType>
        <tagged>hobby</tagged>
    </task>
    <task>
        <name>Attend Sharons birthday</name>
        <startDate>2017-04-01T18:00:00+08:00</startDate>
        <endDate>2017-04-01T20:00:00+08:00</endDate>
        <completionStatus>overdue</completionStatus>
        <taskType>event</taskType>
        <tagged>friends</tagged>
    </task>
    <task>
        <name>Meal prep</name>
        <endDate>2017-04-02T08:46:38.171+08:00</endDate>
        <completionStatus>overdue</completionStatus>
        <taskType>deadline</taskType>
        <tagged>hobby</tagged>
        <tagged>home</tagged>
    </task>
    <task>
        <name>Bake Cheesecake</name>
        <endDate>2017-04-02T08:48:01.989+08:00</endDate>
        <completionStatus>overdue</completionStatus>
        <taskType>deadline</taskType>
        <tagged>hobby</tagged>
    </task>
    <task>
        <name>Improve language for User Guide</name>
        <endDate>2017-04-03T12:00:00+08:00</endDate>
        <completionStatus>overdue</completionStatus>
        <taskType>deadline</taskType>
        <tagged>important</tagged>
        <tagged>school</tagged>
    </task>
    <task>
        <name>Write post on social media</name>
        <endDate>2017-04-04T20:00:00+08:00</endDate>
        <completionStatus>overdue</completionStatus>
        <taskType>deadline</taskType>
        <tagged>hobby</tagged>
    </task>
    <task>
        <name>Sing Karaoke with Girlfriend</name>
        <startDate>2017-04-05T19:00:00+08:00</startDate>
        <endDate>2017-04-05T22:00:00+08:00</endDate>
        <completionStatus>upcoming</completionStatus>
        <taskType>event</taskType>
        <tagged>girlfriend</tagged>
    </task>
    <task>
        <name>Send sales reports</name>
        <endDate>2017-04-06T17:00:00+08:00</endDate>
        <completionStatus>upcoming</completionStatus>
        <taskType>deadline</taskType>
        <tagged>work</tagged>
    </task>
    <task>
        <name>Submit CS2106 Assignment 3</name>
        <endDate>2017-04-07T23:59:00+08:00</endDate>
        <completionStatus>upcoming</completionStatus>
        <taskType>deadline</taskType>
        <tagged>school</tagged>
    </task>
    <task>
        <name>Return books</name>
        <endDate>2017-04-12T08:44:34.438+08:00</endDate>
        <completionStatus>normal</completionStatus>
        <taskType>deadline</taskType>
    </task>
    <task>
        <name>Study for CS2103 Exam</name>
        <endDate>2017-04-20T08:29:38.846+08:00</endDate>
        <completionStatus>normal</completionStatus>
        <taskType>deadline</taskType>
        <tagged>school</tagged>
    </task>
    <task>
        <name>Study for CS3230 Exam</name>
        <endDate>2017-04-21T08:31:46.371+08:00</endDate>
        <completionStatus>normal</completionStatus>
        <taskType>deadline</taskType>
        <tagged>school</tagged>
    </task>
    <task>
        <name>Buy groceries on the way home</name>
        <completionStatus>normal</completionStatus>
        <taskType>someday</taskType>
        <tagged>home</tagged>
    </task>
    <task>
        <name>Workout at the Gym</name>
        <completionStatus>normal</completionStatus>
        <taskType>someday</taskType>
        <tagged>exercise</tagged>
    </task>
    <task>
        <name>Check Site Traffic</name>
        <completionStatus>normal</completionStatus>
        <taskType>someday</taskType>
        <tagged>work</tagged>
    </task>
    <task>
        <name>Dance lessons</name>
        <startDate>2017-05-03T20:00:00+08:00</startDate>
        <completionStatus>normal</completionStatus>
        <taskType>someday</taskType>
        <tagged>hobby</tagged>
    </task>
    <task>
        <name>Bake cheesecake</name>
        <completionStatus>normal</completionStatus>
        <taskType>someday</taskType>
        <tagged>hobby</tagged>
    </task>
    <task>
        <name>Watch webcasts</name>
        <completionStatus>normal</completionStatus>
        <taskType>someday</taskType>
        <tagged>school</tagged>
    </task>
    <task>
        <name>Research on AI</name>
        <completionStatus>normal</completionStatus>
        <taskType>someday</taskType>
        <tagged>school</tagged>
    </task>
    <task>
        <name>Read selfhelp books</name>
        <completionStatus>normal</completionStatus>
        <taskType>someday</taskType>
    </task>
    <task>
        <name>read a book</name>
        <completionStatus>normal</completionStatus>
        <taskType>someday</taskType>
    </task>
    <task>
        <name>Go jogging</name>
        <startDate>2017-03-30T09:00:00+08:00</startDate>
        <completionStatus>normal</completionStatus>
        <taskType>someday</taskType>
    </task>
    <task>
        <name>do tut</name>
        <completionStatus>normal</completionStatus>
        <taskType>someday</taskType>
        <tagged>is1103</tagged>
    </task>
    <task>
        <name>Watch Kong</name>
        <completionStatus>true</completionStatus>
        <taskType>someday</taskType>
        <tagged>hobby</tagged>
    </task>
    <task>
        <name>Write blog article about SEO</name>
        <completionStatus>true</completionStatus>
        <taskType>someday</taskType>
        <tagged>blogging</tagged>
    </task>
    <task>
        <name>Call girlfriend</name>
        <completionStatus>true</completionStatus>
        <taskType>someday</taskType>
        <tagged>girlfriend</tagged>
    </task>
    <task>
        <name>Attend party</name>
        <startDate>2017-03-29T21:00:00+08:00</startDate>
        <endDate>2017-03-29T22:00:00+08:00</endDate>
        <completionStatus>true</completionStatus>
        <taskType>event</taskType>
        <tagged>hobby</tagged>
    </task>
    <task>
        <name>Buy formal clothes</name>
        <endDate>2017-03-21T21:00:00+08:00</endDate>
        <completionStatus>true</completionStatus>
        <taskType>deadline</taskType>
    </task>
    <task>
        <name>Attend launch event</name>
        <startDate>2017-03-18T17:00:00+08:00</startDate>
        <endDate>2017-03-18T19:00:00+08:00</endDate>
        <completionStatus>true</completionStatus>
        <taskType>event</taskType>
        <tagged>work</tagged>
    </task>
    <task>
        <name>Send designs</name>
        <endDate>2017-03-17T09:00:00+08:00</endDate>
        <completionStatus>true</completionStatus>
        <taskType>deadline</taskType>
        <tagged>work</tagged>
    </task>
    <task>
        <name>Ask boss for feedback on proposal</name>
        <endDate>2017-03-15T17:00:00+08:00</endDate>
        <completionStatus>true</completionStatus>
        <taskType>deadline</taskType>
        <tagged>work</tagged>
    </task>
    <task>
        <name>Submit essay</name>
        <endDate>2017-03-15T08:21:55.565+08:00</endDate>
        <completionStatus>true</completionStatus>
        <taskType>deadline</taskType>
        <tagged>school</tagged>
    </task>
    <tags>work</tags>
    <tags>home</tags>
    <tags>blogging</tags>
    <tags>friends</tags>
    <tags>exercise</tags>
    <tags>school</tags>
    <tags>hobby</tags>
    <tags>girlfriend</tags>
    <tags>important</tags>
    <tags>is1103</tags>
</taskmanager>
